"","gameId","playId","nflId","displayName","frameId","frameType","time","jerseyNumber","club","playDirection","x","y","s","a","dis","o","dir","event","ID","40011","41325","44874","46243","47839"
"372",2022091110,291,53565,"Marco Wilson",69,"BEFORE_SNAP","2022-09-11 20:33:51.1",20,"ARI","left",14.66,16.02,0.93,0.43,0.09,3.04,228.77,"line_set",53565,0,0,0,0,1
"373",2022091110,291,53565,"Marco Wilson",70,"BEFORE_SNAP","2022-09-11 20:33:51.2",20,"ARI","left",14.59,15.96,0.87,0.53,0.09,8.12,229.4,NA,53565,3.96823901285924e-06,1.08165333593065e-07,5.53566558933442e-20,1.08066282062019e-35,0.999995923595654
"374",2022091110,291,53565,"Marco Wilson",71,"BEFORE_SNAP","2022-09-11 20:33:51.3",20,"ARI","left",14.53,15.9,0.86,0.46,0.09,16.23,226.57,NA,53565,6.60598262913257e-06,1.09644606686854e-07,4.51962066535715e-20,7.62244462279566e-36,0.999993284372764
"375",2022091110,291,53565,"Marco Wilson",72,"BEFORE_SNAP","2022-09-11 20:33:51.4",20,"ARI","left",14.47,15.84,0.87,0.48,0.09,33.29,222.38,NA,53565,8.24814821884534e-06,1.04036824134829e-07,3.68752800348817e-20,5.64793126204227e-36,0.999991647814957
"376",2022091110,291,53565,"Marco Wilson",73,"BEFORE_SNAP","2022-09-11 20:33:51.5",20,"ARI","left",14.41,15.78,0.81,0.49,0.08,43.85,220.16,NA,53565,9.18350129039126e-06,9.72401768737231e-08,2.90578300086936e-20,4.18262759512788e-36,0.999990719258533
"377",2022091110,291,53565,"Marco Wilson",74,"BEFORE_SNAP","2022-09-11 20:33:51.6",20,"ARI","left",14.36,15.71,0.78,0.46,0.08,55.38,217.18,NA,53565,9.6850552074304e-06,8.99640421186916e-08,2.21202854941132e-20,3.0977640554767e-36,0.99999022498075
"378",2022091110,291,53565,"Marco Wilson",75,"BEFORE_SNAP","2022-09-11 20:33:51.7",20,"ARI","left",14.31,15.65,0.79,0.2,0.08,57.73,219.46,NA,53565,9.96574694883944e-06,8.40777608841972e-08,1.68292099458426e-20,2.29413464420247e-36,0.99998995017529
"379",2022091110,291,53565,"Marco Wilson",76,"BEFORE_SNAP","2022-09-11 20:33:51.8",20,"ARI","left",14.26,15.59,0.79,0.33,0.08,54.6,225.44,NA,53565,1.02190731250068e-05,7.87475936345161e-08,1.32634641357286e-20,1.70087277914316e-36,0.999989702179281
"380",2022091110,291,53565,"Marco Wilson",77,"BEFORE_SNAP","2022-09-11 20:33:51.9",20,"ARI","left",14.2,15.54,0.71,0.51,0.07,62.97,228.9,NA,53565,1.06325419728483e-05,7.39337836089566e-08,1.08270098815685e-20,1.26175700035663e-36,0.999989293524243
"381",2022091110,291,53565,"Marco Wilson",78,"BEFORE_SNAP","2022-09-11 20:33:52",20,"ARI","left",14.15,15.51,0.62,0.79,0.06,69.61,238.42,NA,53565,1.13906203833899e-05,7.16856672132276e-08,9.8104353339756e-21,1.03590642808095e-36,0.999988537693949
"382",2022091110,291,53565,"Marco Wilson",79,"BEFORE_SNAP","2022-09-11 20:33:52.1",20,"ARI","left",14.1,15.48,0.55,0.89,0.06,67.71,247.91,NA,53565,1.26446736987517e-05,6.91671996355151e-08,8.91577026432943e-21,8.9741447272021e-37,0.999987286159102
"383",2022091110,291,53565,"Marco Wilson",80,"BEFORE_SNAP","2022-09-11 20:33:52.2",20,"ARI","left",14.05,15.48,0.49,1.18,0.05,67.71,268.01,NA,53565,1.46467485101745e-05,6.89618473213465e-08,8.99108376700457e-21,9.04995133200225e-37,0.999985284289642
"384",2022091110,291,53565,"Marco Wilson",81,"BEFORE_SNAP","2022-09-11 20:33:52.3",20,"ARI","left",14,15.48,0.48,1.35,0.05,60.61,288.04,NA,53565,1.76723886498827e-05,7.07411618908253e-08,9.10233131745486e-21,9.63989171811646e-37,0.999982256870188
"385",2022091110,291,53565,"Marco Wilson",82,"BEFORE_SNAP","2022-09-11 20:33:52.4",20,"ARI","left",13.95,15.51,0.58,1.34,0.06,52.14,304.13,NA,53565,2.21058096612731e-05,7.49618061852881e-08,1.05679848847087e-20,1.07769535363502e-36,0.999977819228532
"386",2022091110,291,53565,"Marco Wilson",83,"BEFORE_SNAP","2022-09-11 20:33:52.5",20,"ARI","left",13.91,15.57,0.77,1.71,0.07,47.19,326.77,NA,53565,2.83790932427922e-05,8.1525460143787e-08,1.27138334959208e-20,1.47742303325006e-36,0.999971539381297
"387",2022091110,291,53565,"Marco Wilson",84,"BEFORE_SNAP","2022-09-11 20:33:52.6",20,"ARI","left",13.88,15.68,1.11,2.18,0.11,43.66,343.82,NA,53565,3.69271194593711e-05,9.22125410229416e-08,1.93373897004741e-20,2.58758417732246e-36,0.999962980668
"388",2022091110,291,53565,"Marco Wilson",85,"BEFORE_SNAP","2022-09-11 20:33:52.7",20,"ARI","left",13.85,15.81,1.43,2.28,0.14,47.34,347.8,NA,53565,4.79521367775922e-05,1.09387467928277e-07,3.15191101317222e-20,5.01674642134517e-36,0.999951938475754
"389",2022091110,291,53565,"Marco Wilson",86,"BEFORE_SNAP","2022-09-11 20:33:52.8",20,"ARI","left",13.82,15.98,1.76,2.39,0.17,41.31,351.68,"man_in_motion",53565,6.1399090371965e-05,1.32398192216374e-07,5.83412516958051e-20,1.1782053640876e-35,0.999938468511436
"390",2022091110,291,53565,"Marco Wilson",87,"BEFORE_SNAP","2022-09-11 20:33:52.9",20,"ARI","left",13.8,16.17,2.03,2.39,0.19,34.25,354.49,NA,53565,7.6703706032216e-05,1.66280601469013e-07,1.11304997374857e-19,3.04748038292751e-35,0.999923130013366
"391",2022091110,291,53565,"Marco Wilson",88,"BEFORE_SNAP","2022-09-11 20:33:53",20,"ARI","left",13.77,16.39,2.33,2.28,0.22,30.17,354.89,NA,53565,9.2794411399031e-05,2.16691271875375e-07,2.33239004710344e-19,9.0840417344765e-35,0.999906988897329
"392",2022091110,291,53565,"Marco Wilson",89,"BEFORE_SNAP","2022-09-11 20:33:53.1",20,"ARI","left",13.76,16.63,2.58,2.09,0.25,29.42,356.36,NA,53565,0.000108222858762544,2.9215077760343e-07,4.9933674966168e-19,2.95151718001897e-34,0.99989148499046
"393",2022091110,291,53565,"Marco Wilson",90,"BEFORE_SNAP","2022-09-11 20:33:53.2",20,"ARI","left",13.74,16.9,2.77,1.7,0.27,26.5,357.47,NA,53565,0.000121474160720573,4.22249874530117e-07,1.20173754496971e-18,1.14820372995722e-33,0.999878103589405
"394",2022091110,291,53565,"Marco Wilson",91,"BEFORE_SNAP","2022-09-11 20:33:53.3",20,"ARI","left",13.72,17.19,3,1.5,0.29,24.85,356.71,NA,53565,0.00013111898982311,6.97093328235958e-07,3.04573772841859e-18,4.6257662118989e-33,0.999868183916849
"395",2022091110,291,53565,"Marco Wilson",92,"BEFORE_SNAP","2022-09-11 20:33:53.4",20,"ARI","left",13.71,17.51,3.18,1.25,0.31,23.53,357.62,NA,53565,0.000136030122740546,1.40975163516994e-06,8.63037363861899e-18,2.11897940999412e-32,0.999862560125624
"396",2022091110,291,53565,"Marco Wilson",93,"BEFORE_SNAP","2022-09-11 20:33:53.5",20,"ARI","left",13.7,17.83,3.33,1.18,0.32,21.65,359.62,NA,53565,0.000135452158125044,3.31500586150881e-06,2.34274489986046e-17,1.00546083419802e-31,0.999861232836013
"397",2022091110,291,53565,"Marco Wilson",94,"BEFORE_SNAP","2022-09-11 20:33:53.6",20,"ARI","left",13.7,18.17,3.46,1.18,0.34,17.64,359.9,NA,53565,0.000128951308543365,7.97334328365306e-06,6.84608335046803e-17,4.91032843501027e-31,0.999863075348173
"398",2022091110,291,53565,"Marco Wilson",95,"BEFORE_SNAP","2022-09-11 20:33:53.7",20,"ARI","left",13.7,18.52,3.65,1.08,0.35,16.19,359,NA,53565,0.000116581816735611,1.76290773587982e-05,1.90482921829602e-16,2.4626812042698e-30,0.999865789105905
"399",2022091110,291,53565,"Marco Wilson",96,"BEFORE_SNAP","2022-09-11 20:33:53.8",20,"ARI","left",13.69,18.89,3.74,0.84,0.37,16.19,357.54,NA,53565,9.903415430839e-05,3.42893844242393e-05,6.16133261286532e-16,1.32108238750274e-29,0.999866676461267
"400",2022091110,291,53565,"Marco Wilson",97,"BEFORE_SNAP","2022-09-11 20:33:53.9",20,"ARI","left",13.68,19.27,3.8,0.62,0.38,17.36,356.84,NA,53565,7.79225736501625e-05,5.80876005598724e-05,1.82270043855798e-15,7.18851583037256e-29,0.999863989825788
"401",2022091110,291,53565,"Marco Wilson",98,"BEFORE_SNAP","2022-09-11 20:33:54",20,"ARI","left",13.65,19.65,3.86,0.66,0.38,17.36,355.46,NA,53565,5.58790991583665e-05,8.64218073699664e-05,5.24184565349324e-15,3.8025667799002e-28,0.999857699093466
"402",2022091110,291,53565,"Marco Wilson",99,"BEFORE_SNAP","2022-09-11 20:33:54.1",20,"ARI","left",13.62,20.03,3.9,0.47,0.39,16.15,355.27,NA,53565,3.58252533721093e-05,0.000114954461518334,1.38326959334695e-14,1.94561307893027e-27,0.999849220285096
"403",2022091110,291,53565,"Marco Wilson",100,"BEFORE_SNAP","2022-09-11 20:33:54.2",20,"ARI","left",13.59,20.42,3.89,0.5,0.39,13.4,354.57,NA,53565,2.0129087376665e-05,0.000139350853491968,3.81874772915286e-14,1.00247774199359e-26,0.999840520059093
"404",2022091110,291,53565,"Marco Wilson",101,"BEFORE_SNAP","2022-09-11 20:33:54.3",20,"ARI","left",13.55,20.82,3.95,0.28,0.4,7.82,355.23,NA,53565,9.8083092477965e-06,0.0001566258554078,1.01624150327808e-13,5.18707236307324e-26,0.999833565835243
"405",2022091110,291,53565,"Marco Wilson",102,"BEFORE_SNAP","2022-09-11 20:33:54.4",20,"ARI","left",13.52,21.22,3.98,0.35,0.4,10.26,354.62,NA,53565,4.21750781116062e-06,0.000165352891257754,2.71220080755457e-13,2.73095056497834e-25,0.99983042960066
"406",2022091110,291,53565,"Marco Wilson",103,"BEFORE_SNAP","2022-09-11 20:33:54.5",20,"ARI","left",13.49,21.62,3.97,0.49,0.4,6.99,356.02,NA,53565,1.71808832765835e-06,0.000164946160312929,7.25402011301793e-13,1.3511533905398e-24,0.999833335750634
"407",2022091110,291,53565,"Marco Wilson",104,"BEFORE_SNAP","2022-09-11 20:33:54.6",20,"ARI","left",13.46,22.02,3.99,0.47,0.4,6.99,356.04,NA,53565,7.48629445994133e-07,0.000155320597929136,1.83389283832679e-12,6.47334959956046e-24,0.999843930770791
"408",2022091110,291,53565,"Marco Wilson",105,"BEFORE_SNAP","2022-09-11 20:33:54.7",20,"ARI","left",13.43,22.42,4.02,0.4,0.4,10.05,356.4,NA,53565,3.84884311765634e-07,0.000137214934565278,4.63488441294993e-12,3.03321083685799e-23,0.999862400176488
"409",2022091110,291,53565,"Marco Wilson",106,"BEFORE_SNAP","2022-09-11 20:33:54.8",20,"ARI","left",13.41,22.83,4.02,0.42,0.4,12.39,356.65,NA,53565,2.23109171663974e-07,0.000112218708596797,1.13272902668979e-11,1.37641417306163e-22,0.999887558170904
"410",2022091110,291,53565,"Marco Wilson",107,"BEFORE_SNAP","2022-09-11 20:33:54.9",20,"ARI","left",13.39,23.23,4.02,0.59,0.4,13.61,357.86,NA,53565,1.37685226839741e-07,8.35371738097812e-05,2.64131572943108e-11,6.09126985243339e-22,0.99991632511455
"411",2022091110,291,53565,"Marco Wilson",108,"BEFORE_SNAP","2022-09-11 20:33:55",20,"ARI","left",13.38,23.64,4.06,0.59,0.41,14.23,358.88,NA,53565,8.42284045539625e-08,5.52403017182617e-05,5.92938167404471e-11,2.68929984818665e-21,0.999944675410583
"412",2022091110,291,53565,"Marco Wilson",109,"BEFORE_SNAP","2022-09-11 20:33:55.1",20,"ARI","left",13.39,24.05,4.11,0.88,0.41,9.51,1.49,NA,53565,5.06743551896933e-08,3.16910595767031e-05,1.30895339892376e-10,1.10469043773041e-20,0.999968258135173
"413",2022091110,291,53565,"Marco Wilson",110,"BEFORE_SNAP","2022-09-11 20:33:55.2",20,"ARI","left",13.41,24.47,4.15,0.87,0.42,9.51,2.75,NA,53565,2.95647409593061e-08,1.53932130780846e-05,2.84764733869553e-10,4.708495540463e-20,0.999984576937416
"414",2022091110,291,53565,"Marco Wilson",111,"BEFORE_SNAP","2022-09-11 20:33:55.3",20,"ARI","left",13.44,24.89,4.16,0.83,0.42,12.15,4.06,NA,53565,1.68111222437568e-08,6.28148625223804e-06,5.87698532344034e-10,1.93662393768701e-19,0.999993701114927
"415",2022091110,291,53565,"Marco Wilson",112,"BEFORE_SNAP","2022-09-11 20:33:55.4",20,"ARI","left",13.46,25.31,4.18,0.47,0.42,10.58,3.67,NA,53565,9.27464592487801e-09,2.25623269950627e-06,1.21032909022783e-09,7.42806470111718e-19,0.999997733282326
"416",2022091110,291,53565,"Marco Wilson",113,"BEFORE_SNAP","2022-09-11 20:33:55.5",20,"ARI","left",13.49,25.72,4.08,0.81,0.41,14.41,4.98,NA,53565,5.05974195607334e-09,8.26936339138681e-07,2.34033226694053e-09,2.76746671636601e-18,0.999999165663587
"417",2022091110,291,53565,"Marco Wilson",114,"BEFORE_SNAP","2022-09-11 20:33:55.6",20,"ARI","left",13.53,26.11,3.99,1.06,0.4,20.28,6.11,NA,53565,2.77200716659758e-09,3.7363146418335e-07,4.20358184589933e-09,9.4045544815256e-18,0.999999619392947
"418",2022091110,291,53565,"Marco Wilson",115,"BEFORE_SNAP","2022-09-11 20:33:55.7",20,"ARI","left",13.58,26.5,3.88,1.25,0.39,24.38,7.04,NA,53565,1.46617562603183e-09,2.05760738722209e-07,7.40596449409819e-09,3.08027699791445e-17,0.999999785367121
"419",2022091110,291,53565,"Marco Wilson",116,"BEFORE_SNAP","2022-09-11 20:33:55.8",20,"ARI","left",13.63,26.88,3.7,1.65,0.38,28.78,8.73,NA,53565,7.52705391077278e-10,1.23356414494317e-07,1.25122690041255e-08,9.49758439610588e-17,0.999999863378611
"420",2022091110,291,53565,"Marco Wilson",117,"BEFORE_SNAP","2022-09-11 20:33:55.9",20,"ARI","left",13.69,27.24,3.55,1.77,0.36,31.34,9.89,NA,53565,3.94355474761689e-10,7.73824287552288e-08,2.00283841489762e-08,2.67649469782331e-16,0.999999902194831
"421",2022091110,291,53565,"Marco Wilson",118,"BEFORE_SNAP","2022-09-11 20:33:56",20,"ARI","left",13.75,27.58,3.39,1.79,0.35,38.2,10.73,NA,53565,2.08947915650006e-10,4.97310174647935e-08,3.17884031284726e-08,6.94539391929249e-16,0.999999918271631
"422",2022091110,291,53565,"Marco Wilson",119,"BEFORE_SNAP","2022-09-11 20:33:56.1",20,"ARI","left",13.81,27.9,3.22,1.78,0.33,40.65,11.79,NA,53565,1.12905774787053e-10,3.71164696323595e-08,1.07621071097136e-07,1.67381387619015e-15,0.999999855149552
"423",2022091110,291,53565,"Marco Wilson",120,"BEFORE_SNAP","2022-09-11 20:33:56.2",20,"ARI","left",13.88,28.14,2.63,2.73,0.25,48.14,14.72,NA,53565,7.80263897575171e-11,2.43949888242411e-07,2.27156322029102e-06,3.40211228817254e-15,0.999997484408862
"424",2022091110,291,53565,"Marco Wilson",121,"BEFORE_SNAP","2022-09-11 20:33:56.3",20,"ARI","left",13.94,28.38,2.36,2.64,0.25,55.4,15.47,NA,53565,3.65718995425939e-08,1.39385811127643e-05,6.01516076739293e-05,5.00605114588525e-12,0.999925873234308
"1",2022091110,291,42401,"Markus Golden",69,"BEFORE_SNAP","2022-09-11 20:33:51.1",44,"ARI","left",18.45,19.03,0.1,0.27,0.01,70.3,261.39,"line_set",42401,1,0,0,0,0
"2",2022091110,291,42401,"Markus Golden",70,"BEFORE_SNAP","2022-09-11 20:33:51.2",44,"ARI","left",18.44,19.03,0.12,0.19,0.01,72.04,268.2,NA,42401,0.999994878082746,3.71217730909247e-06,9.0387930928276e-16,2.42591293615463e-29,1.40973994439147e-06
"3",2022091110,291,42401,"Markus Golden",71,"BEFORE_SNAP","2022-09-11 20:33:51.3",44,"ARI","left",18.42,19.02,0.15,0.12,0.02,74.36,261.25,NA,42401,0.999991633026122,6.30034474541801e-06,8.77780702421359e-16,2.21802067753228e-29,2.06662913212768e-06
"4",2022091110,291,42401,"Markus Golden",72,"BEFORE_SNAP","2022-09-11 20:33:51.4",44,"ARI","left",18.41,19.02,0.16,0.06,0.02,74.36,259.85,NA,42401,0.999989584056297,8.05069006232738e-06,8.78497625237287e-16,2.21983223452197e-29,2.36525363943396e-06
"5",2022091110,291,42401,"Markus Golden",73,"BEFORE_SNAP","2022-09-11 20:33:51.5",44,"ARI","left",18.39,19,0.18,0.02,0.03,73.25,249.76,NA,42401,0.999988369698079,9.1170216708999e-06,8.01635580806802e-16,2.01781751932989e-29,2.513280249289e-06
"6",2022091110,291,42401,"Markus Golden",74,"BEFORE_SNAP","2022-09-11 20:33:51.6",44,"ARI","left",18.37,18.99,0.18,0.04,0.02,73.25,246.76,NA,42401,0.999987646087638,9.73038438658155e-06,7.57786818348334e-16,2.01845461622868e-29,2.62352797422353e-06
"7",2022091110,291,42401,"Markus Golden",75,"BEFORE_SNAP","2022-09-11 20:33:51.7",44,"ARI","left",18.36,18.97,0.18,0.07,0.03,73.25,236.26,NA,42401,0.99998724746884,9.99390473122655e-06,6.73477665402606e-16,1.83877714201367e-29,2.75862642790725e-06
"8",2022091110,291,42401,"Markus Golden",76,"BEFORE_SNAP","2022-09-11 20:33:51.8",44,"ARI","left",18.33,18.96,0.2,0.09,0.03,73.25,242.23,NA,42401,0.999986990238294,1.00435754564535e-05,6.34897233719581e-16,1.75514349745878e-29,2.96618624855256e-06
"9",2022091110,291,42401,"Markus Golden",77,"BEFORE_SNAP","2022-09-11 20:33:51.9",44,"ARI","left",18.3,18.95,0.21,0.12,0.03,72.46,244.69,NA,42401,0.99998676691722,9.93800801038713e-06,5.98518252351717e-16,1.60264513383073e-29,3.29507476937394e-06
"10",2022091110,291,42401,"Markus Golden",78,"BEFORE_SNAP","2022-09-11 20:33:52",44,"ARI","left",18.26,18.94,0.22,0.14,0.04,72.46,246.78,NA,42401,0.999986427273988,9.74912160085796e-06,5.8189534001928e-16,1.46685560077786e-29,3.82360441061586e-06
"11",2022091110,291,42401,"Markus Golden",79,"BEFORE_SNAP","2022-09-11 20:33:52.1",44,"ARI","left",18.24,18.92,0.21,0.15,0.03,71.34,244.05,NA,42401,0.999985845036893,9.48349546976309e-06,5.47364195603297e-16,1.3364524273649e-29,4.67146763696792e-06
"12",2022091110,291,42401,"Markus Golden",80,"BEFORE_SNAP","2022-09-11 20:33:52.2",44,"ARI","left",18.22,18.91,0.19,0.15,0.01,70.67,244.89,NA,42401,0.999984762072791,9.23835470618933e-06,5.31129420717746e-16,1.27627656362159e-29,5.99957250241953e-06
"13",2022091110,291,42401,"Markus Golden",81,"BEFORE_SNAP","2022-09-11 20:33:52.3",44,"ARI","left",18.2,18.91,0.18,0.14,0.02,70.67,247.02,NA,42401,0.999982868432855,9.05796853262759e-06,5.31671914236178e-16,1.33568866430605e-29,8.07359861223458e-06
"14",2022091110,291,42401,"Markus Golden",82,"BEFORE_SNAP","2022-09-11 20:33:52.4",44,"ARI","left",18.18,18.91,0.17,0.14,0.02,70.67,248.37,NA,42401,0.999979874888967,8.87627072855496e-06,5.47858085741596e-16,1.27946411122625e-29,1.12488403041644e-05
"15",2022091110,291,42401,"Markus Golden",83,"BEFORE_SNAP","2022-09-11 20:33:52.5",44,"ARI","left",18.18,18.89,0.15,0.13,0.02,71.3,243.33,NA,42401,0.999975348241273,8.62708165176655e-06,5.00459230595665e-16,1.16479037577502e-29,1.60246770750203e-05
"16",2022091110,291,42401,"Markus Golden",84,"BEFORE_SNAP","2022-09-11 20:33:52.6",44,"ARI","left",18.2,18.88,0.12,0.11,0.02,71.3,240.35,NA,42401,0.999968779031263,8.38132496463717e-06,5.00522036649348e-16,1.11419440995722e-29,2.28396437713686e-05
"17",2022091110,291,42401,"Markus Golden",85,"BEFORE_SNAP","2022-09-11 20:33:52.7",44,"ARI","left",18.22,18.87,0.1,0.09,0.02,68.42,234.39,NA,42401,0.99995970200619,8.17309537525496e-06,4.99571070536131e-16,1.06361801610768e-29,3.21248984340703e-05
"18",2022091110,291,42401,"Markus Golden",86,"BEFORE_SNAP","2022-09-11 20:33:52.8",44,"ARI","left",18.22,18.87,0.08,0.08,0.01,69.15,232.85,"man_in_motion",42401,0.999948065965162,7.99202367721221e-06,5.15292285806969e-16,1.06620692981311e-29,4.39420111606839e-05
"19",2022091110,291,42401,"Markus Golden",87,"BEFORE_SNAP","2022-09-11 20:33:52.9",44,"ARI","left",18.24,18.87,0.07,0.07,0.02,69.15,228.94,NA,42401,0.999934205218702,7.83371288088426e-06,5.16236529820168e-16,1.06816069380118e-29,5.79610684162528e-05
"20",2022091110,291,42401,"Markus Golden",88,"BEFORE_SNAP","2022-09-11 20:33:53",44,"ARI","left",18.25,18.86,0.06,0.06,0,69.15,227.91,NA,42401,0.999919180042845,7.66767393640923e-06,4.99988197529712e-16,1.01810065743443e-29,7.31522832185457e-05
"21",2022091110,291,42401,"Markus Golden",89,"BEFORE_SNAP","2022-09-11 20:33:53.1",44,"ARI","left",18.27,18.86,0.05,0.05,0.02,69.15,221.52,NA,42401,0.999904567417565,7.52620334890541e-06,4.84878739591801e-16,1.01595090585134e-29,8.79063790861265e-05
"22",2022091110,291,42401,"Markus Golden",90,"BEFORE_SNAP","2022-09-11 20:33:53.2",44,"ARI","left",18.28,18.85,0.04,0.04,0.02,67.09,214.58,NA,42401,0.999892048309169,7.39949558220871e-06,4.6991781172816e-16,1.013160318578e-29,0.000100552195248097
"23",2022091110,291,42401,"Markus Golden",91,"BEFORE_SNAP","2022-09-11 20:33:53.3",44,"ARI","left",18.3,18.85,0.03,0.04,0.02,68.33,207.77,NA,42401,0.999883183666563,7.31218428388552e-06,4.69507641609254e-16,1.01227597651317e-29,0.000109504149152399
"24",2022091110,291,42401,"Markus Golden",92,"BEFORE_SNAP","2022-09-11 20:33:53.4",44,"ARI","left",18.31,18.85,0.03,0.03,0,68.33,206.08,NA,42401,0.999879253235175,7.25007734350877e-06,4.8282613337434e-16,1.01165014574329e-29,0.00011349668748063
"25",2022091110,291,42401,"Markus Golden",93,"BEFORE_SNAP","2022-09-11 20:33:53.5",44,"ARI","left",18.29,18.85,0.03,0.03,0.01,69.1,209.99,NA,42401,0.999881110656176,7.20290450502911e-06,4.82847093552718e-16,1.05780749581868e-29,0.00011168643931901
"26",2022091110,291,42401,"Markus Golden",94,"BEFORE_SNAP","2022-09-11 20:33:53.6",44,"ARI","left",18.3,18.84,0.02,0.03,0.01,67.6,207.97,NA,42401,0.999889067005862,7.16134393556607e-06,4.82242584015686e-16,1.0104274534477e-29,0.000103771650201738
"27",2022091110,291,42401,"Markus Golden",95,"BEFORE_SNAP","2022-09-11 20:33:53.7",44,"ARI","left",18.3,18.84,0.02,0.02,0.01,66.86,205.46,NA,42401,0.999902628785893,7.15965099244522e-06,4.6924654698865e-16,1.01171304675187e-29,9.02115631138238e-05
"28",2022091110,291,42401,"Markus Golden",96,"BEFORE_SNAP","2022-09-11 20:33:53.8",44,"ARI","left",18.3,18.84,0.02,0.02,0,66.86,205.94,NA,42401,0.999920501640602,7.19280326712915e-06,5.11768192984402e-16,1.01275340417093e-29,7.23055561300875e-05
"29",2022091110,291,42401,"Markus Golden",97,"BEFORE_SNAP","2022-09-11 20:33:53.9",44,"ARI","left",18.29,18.84,0.02,0.02,0.01,66.86,208.86,NA,42401,0.999940284227119,7.26125696283059e-06,5.1165310406852e-16,1.01252565123971e-29,5.2454515918189e-05
"30",2022091110,291,42401,"Markus Golden",98,"BEFORE_SNAP","2022-09-11 20:33:54",44,"ARI","left",18.3,18.84,0.01,0.02,0,65.9,208.03,NA,42401,0.999958929792658,7.3419588827924e-06,5.10557813014888e-16,1.01035814697875e-29,3.3728248458822e-05
"31",2022091110,291,42401,"Markus Golden",99,"BEFORE_SNAP","2022-09-11 20:33:54.1",44,"ARI","left",18.31,18.85,0.01,0.01,0.02,65.9,203.04,NA,42401,0.999973623335716,7.44876648822996e-06,4.95230069801482e-16,1.05437575438026e-29,1.89278977953635e-05
"32",2022091110,291,42401,"Markus Golden",100,"BEFORE_SNAP","2022-09-11 20:33:54.2",44,"ARI","left",18.32,18.85,0.01,0.01,0.01,64.55,200.66,NA,42401,0.999983257708478,7.56122820914981e-06,4.92926118043212e-16,1.04947049718433e-29,9.18106331243748e-06
"33",2022091110,291,42401,"Markus Golden",101,"BEFORE_SNAP","2022-09-11 20:33:54.3",44,"ARI","left",18.32,18.85,0.01,0.01,0.01,62.04,197.47,NA,42401,0.999988329646316,7.7417131444082e-06,4.76113222722696e-16,1.04305512567708e-29,3.92864053942977e-06
"34",2022091110,291,42401,"Markus Golden",102,"BEFORE_SNAP","2022-09-11 20:33:54.4",44,"ARI","left",18.32,18.85,0.01,0.01,0,62.04,197.52,NA,42401,0.999990371988157,8.05142344561452e-06,4.74889639986809e-16,1.08777502187687e-29,1.57658839674396e-06
"35",2022091110,291,42401,"Markus Golden",103,"BEFORE_SNAP","2022-09-11 20:33:54.5",44,"ARI","left",18.33,18.86,0.01,0.01,0.01,61.19,193.33,NA,42401,0.999990798132381,8.52893201733716e-06,5.03251586507157e-16,1.13831819677607e-29,6.72935601364337e-07
"36",2022091110,291,42401,"Markus Golden",104,"BEFORE_SNAP","2022-09-11 20:33:54.6",44,"ARI","left",18.34,18.86,0,0.01,0.01,61.19,187.77,NA,42401,0.999990435613258,9.22615057041075e-06,5.0309255159205e-16,1.1379584714232e-29,3.38236170684873e-07
"37",2022091110,291,42401,"Markus Golden",105,"BEFORE_SNAP","2022-09-11 20:33:54.7",44,"ARI","left",18.35,18.86,0,0.01,0.01,61.19,184.33,NA,42401,0.999989527022629,1.02830142722162e-05,5.17764354770367e-16,1.1381990025809e-29,1.899630978648e-07
"38",2022091110,291,42401,"Markus Golden",106,"BEFORE_SNAP","2022-09-11 20:33:54.8",44,"ARI","left",18.35,18.87,0,0,0.01,59.94,179.68,NA,42401,0.999987977763532,1.19095719755521e-05,5.34178654395469e-16,1.14126941684563e-29,1.12664491570568e-07
"39",2022091110,291,42401,"Markus Golden",107,"BEFORE_SNAP","2022-09-11 20:33:54.9",44,"ARI","left",18.36,18.87,0,0,0,59.94,176.72,NA,42401,0.999985567899099,1.43664590412966e-05,5.34722589664565e-16,1.14243153120887e-29,6.56418592682596e-08
"40",2022091110,291,42401,"Markus Golden",108,"BEFORE_SNAP","2022-09-11 20:33:55",44,"ARI","left",18.36,18.87,0,0,0.01,59.94,170.68,NA,42401,0.999981836170865,1.81257355717248e-05,5.20534853170699e-16,1.14428937646194e-29,3.80935625776205e-08
"41",2022091110,291,42401,"Markus Golden",109,"BEFORE_SNAP","2022-09-11 20:33:55.1",44,"ARI","left",18.37,18.88,0,0,0.01,60.8,166.28,NA,42401,0.999976068133275,2.39096075039959e-05,5.38095366414162e-16,1.14963744803371e-29,2.22592203585332e-08
"42",2022091110,291,42401,"Markus Golden",110,"BEFORE_SNAP","2022-09-11 20:33:55.2",44,"ARI","left",18.37,18.88,0,0,0.01,61.59,160.72,NA,42401,0.999967192269272,3.27953676100443e-05,5.40194196106104e-16,1.15412158477569e-29,1.23631176686618e-08
"43",2022091110,291,42401,"Markus Golden",111,"BEFORE_SNAP","2022-09-11 20:33:55.3",44,"ARI","left",18.38,18.89,0,0,0.01,61.59,147.45,NA,42401,0.999953520231535,4.64728880342594e-05,5.44486954598589e-16,1.21624860583821e-29,6.88043026979065e-09
"44",2022091110,291,42401,"Markus Golden",112,"BEFORE_SNAP","2022-09-11 20:33:55.4",44,"ARI","left",18.38,18.89,0,0,0.01,63.35,138.03,NA,42401,0.999932765456209,6.72307643082164e-05,5.65139729417439e-16,1.17349476606356e-29,3.77948233400086e-09
"45",2022091110,291,42401,"Markus Golden",113,"BEFORE_SNAP","2022-09-11 20:33:55.5",44,"ARI","left",18.39,18.9,0,0,0,64.16,132.31,NA,42401,0.99990118651068,9.88113948236046e-05,5.90284282442687e-16,1.24552228516107e-29,2.09449544005193e-09
"46",2022091110,291,42401,"Markus Golden",114,"BEFORE_SNAP","2022-09-11 20:33:55.6",44,"ARI","left",18.39,18.9,0,0,0.01,65.03,122.19,NA,42401,0.999853458061327,0.000146540785314282,5.84818933970475e-16,1.26963816656394e-29,1.15335831354889e-09
"47",2022091110,291,42401,"Markus Golden",115,"BEFORE_SNAP","2022-09-11 20:33:55.7",44,"ARI","left",18.39,18.91,0,0,0,65.03,115.83,NA,42401,0.999781250215122,0.000218749114966318,6.20015333759717e-16,1.36778510362304e-29,6.69911406985955e-10
"48",2022091110,291,42401,"Markus Golden",116,"BEFORE_SNAP","2022-09-11 20:33:55.8",44,"ARI","left",18.39,18.91,0,0,0,65.03,112.69,NA,42401,0.999672737107143,0.000327262500431801,6.46458818892159e-16,1.42612076576936e-29,3.92424909385015e-10
"49",2022091110,291,42401,"Markus Golden",117,"BEFORE_SNAP","2022-09-11 20:33:55.9",44,"ARI","left",18.39,18.91,0,0,0,67.1,106.46,NA,42401,0.999510730383478,0.000489269370505115,6.8390221933477e-16,1.5087227960022e-29,2.46015838029318e-10
"50",2022091110,291,42401,"Markus Golden",118,"BEFORE_SNAP","2022-09-11 20:33:56",44,"ARI","left",18.39,18.91,0,0,0,66.44,101.81,NA,42401,0.999268773861719,0.000731225973984688,7.39823953795621e-16,1.63208896323253e-29,1.64295218956104e-10
"51",2022091110,291,42401,"Markus Golden",119,"BEFORE_SNAP","2022-09-11 20:33:56.1",44,"ARI","left",18.39,18.91,0,0,0,65.24,97.17,NA,42401,0.998907355271964,0.00109264461218286,8.23356204218805e-16,1.8163653215069e-29,1.15851908474282e-10
"52",2022091110,291,42401,"Markus Golden",120,"BEFORE_SNAP","2022-09-11 20:33:56.2",44,"ARI","left",18.41,18.92,0,0,0.01,63.8,89.42,NA,42401,0.998367453781159,0.00163254612722051,9.48154826636862e-16,2.18681327912573e-29,9.16193290040393e-11
"53",2022091110,291,42401,"Markus Golden",121,"BEFORE_SNAP","2022-09-11 20:33:56.3",44,"ARI","left",18.41,18.92,0.06,1.05,0.01,63.8,64.5,NA,42401,0.997560870597786,0.0024390980873024,4.68505366231681e-13,1.08055554097535e-26,3.131444356559e-08
"54",2022091110,291,43376,"Nick Vigil",69,"BEFORE_SNAP","2022-09-11 20:33:51.1",59,"ARI","left",15.13,21.13,0.06,0.4,0,99.99,9.89,"line_set",43376,0,1,0,0,0
"55",2022091110,291,43376,"Nick Vigil",70,"BEFORE_SNAP","2022-09-11 20:33:51.2",59,"ARI","left",15.13,21.14,0.12,0.5,0.01,102.37,324.99,NA,43376,7.21702803229679e-07,0.999999145809412,1.93277517184814e-13,1.52951507299197e-25,1.32487591147592e-07
"56",2022091110,291,43376,"Nick Vigil",71,"BEFORE_SNAP","2022-09-11 20:33:51.3",59,"ARI","left",15.12,21.15,0.15,0.35,0.01,103.63,309.2,NA,43376,9.54843578346789e-07,0.999998907384896,1.97990588911999e-13,1.52925774360669e-25,1.37771327180562e-07
"57",2022091110,291,43376,"Nick Vigil",72,"BEFORE_SNAP","2022-09-11 20:33:51.4",59,"ARI","left",15.11,21.15,0.13,0.18,0.01,104.95,276.78,NA,43376,1.03666468802184e-06,0.999998827899682,1.9795801217504e-13,1.52900612924781e-25,1.3543543240965e-07
"58",2022091110,291,43376,"Nick Vigil",73,"BEFORE_SNAP","2022-09-11 20:33:51.5",59,"ARI","left",15.1,21.14,0.13,0.12,0.01,103.71,249.28,NA,43376,1.0810011005227e-06,0.999998784874026,1.88645987767857e-13,1.46911224552896e-25,1.34124684560135e-07
"59",2022091110,291,43376,"Nick Vigil",74,"BEFORE_SNAP","2022-09-11 20:33:51.6",59,"ARI","left",15.08,21.12,0.16,0.08,0.02,103.07,229.07,NA,43376,1.11034610686699e-06,0.999998753967301,1.7549829053285e-13,1.41203116964789e-25,1.35686417055984e-07
"60",2022091110,291,43376,"Nick Vigil",75,"BEFORE_SNAP","2022-09-11 20:33:51.7",59,"ARI","left",15.07,21.1,0.2,0.04,0.03,103.07,220.27,NA,43376,1.14319130736361e-06,0.999998717619126,1.59314911201349e-13,1.30353797890372e-25,1.39189407220222e-07
"61",2022091110,291,43376,"Nick Vigil",76,"BEFORE_SNAP","2022-09-11 20:33:51.8",59,"ARI","left",15.05,21.07,0.25,0.02,0.04,103.07,215.24,NA,43376,1.18249411565766e-06,0.999998670185105,1.44654613442045e-13,1.15620431329627e-25,1.47320635056045e-07
"62",2022091110,291,43376,"Nick Vigil",77,"BEFORE_SNAP","2022-09-11 20:33:51.9",59,"ARI","left",15.05,21.04,0.25,0.06,0.03,103.07,205.66,NA,43376,1.21724211808833e-06,0.999998625013933,1.31392437734401e-13,9.85313022078004e-26,1.57743817322419e-07
"63",2022091110,291,43376,"Nick Vigil",78,"BEFORE_SNAP","2022-09-11 20:33:52",59,"ARI","left",15.05,21.03,0.19,0.08,0,102.49,206.05,NA,43376,1.2267214052177e-06,0.999998605913101,1.28274205192384e-13,9.09101694367392e-26,1.67365365563598e-07
"64",2022091110,291,43376,"Nick Vigil",79,"BEFORE_SNAP","2022-09-11 20:33:52.1",59,"ARI","left",15.05,21.03,0.16,0.08,0.01,102.49,207.28,NA,43376,1.22053847048709e-06,0.99999860058029,1.28344921718199e-13,9.09602872718809e-26,1.78881111427761e-07
"65",2022091110,291,43376,"Nick Vigil",80,"BEFORE_SNAP","2022-09-11 20:33:52.2",59,"ARI","left",15.05,21.05,0.1,0.07,0.02,102.49,212.43,NA,43376,1.18967769021483e-06,0.999998621144278,1.34733462972024e-13,9.85857096404822e-26,1.89177897050337e-07
"66",2022091110,291,43376,"Nick Vigil",81,"BEFORE_SNAP","2022-09-11 20:33:52.3",59,"ARI","left",15.06,21.1,0.02,0.03,0.05,101.81,254.04,NA,43376,1.13667973773788e-06,0.999998665023472,1.51852263245846e-13,1.25306265718319e-25,1.98296638821918e-07
"67",2022091110,291,43376,"Nick Vigil",82,"BEFORE_SNAP","2022-09-11 20:33:52.4",59,"ARI","left",15.08,21.12,0.02,0.01,0.02,101.81,348.76,NA,43376,1.09825243241877e-06,0.999998687513837,1.63199963369116e-13,1.30312635665428e-25,2.14233567851305e-07
"68",2022091110,291,43376,"Nick Vigil",83,"BEFORE_SNAP","2022-09-11 20:33:52.5",59,"ARI","left",15.09,21.15,0.05,0.03,0.04,101.81,14.47,NA,43376,1.06486934966435e-06,0.999998698518696,1.71178133359223e-13,1.46931052233489e-25,2.36611783073053e-07
"69",2022091110,291,43376,"Nick Vigil",84,"BEFORE_SNAP","2022-09-11 20:33:52.6",59,"ARI","left",15.11,21.18,0.07,0.05,0.03,100.94,20.94,NA,43376,1.03160367535831e-06,0.99999870443011,1.88563578776633e-13,1.65717659252773e-25,2.63966025772161e-07
"70",2022091110,291,43376,"Nick Vigil",85,"BEFORE_SNAP","2022-09-11 20:33:52.7",59,"ARI","left",15.12,21.2,0.08,0.06,0.03,100.94,22.59,NA,43376,1.00938332091003e-06,0.999998681713779,2.02652669643456e-13,1.79480243590859e-25,3.08902697894046e-07
"71",2022091110,291,43376,"Nick Vigil",86,"BEFORE_SNAP","2022-09-11 20:33:52.8",59,"ARI","left",15.13,21.22,0.1,0.36,0.02,99.58,23.46,"man_in_motion",43376,9.86778677141963e-07,0.999998642059928,2.1788465452899e-13,1.94484352445227e-25,3.71161177507422e-07
"72",2022091110,291,43376,"Nick Vigil",87,"BEFORE_SNAP","2022-09-11 20:33:52.9",59,"ARI","left",15.13,21.23,0.18,0.83,0.01,97.54,27.42,NA,43376,9.68003357246004e-07,0.9999985609327,2.23193499498185e-13,2.02440055653508e-25,4.71063719460748e-07
"73",2022091110,291,43376,"Nick Vigil",88,"BEFORE_SNAP","2022-09-11 20:33:53",59,"ARI","left",15.15,21.26,0.33,1.23,0.03,95.87,26.2,NA,43376,9.43660340246015e-07,0.999998432718021,2.39876323779193e-13,2.28282684130971e-25,6.23621398533177e-07
"74",2022091110,291,43376,"Nick Vigil",89,"BEFORE_SNAP","2022-09-11 20:33:53.1",59,"ARI","left",15.17,21.29,0.46,1.19,0.04,96.64,27.42,NA,43376,9.14229358904997e-07,0.999998216130017,2.51704658840007e-13,2.57451222416314e-25,8.69640371908874e-07
"75",2022091110,291,43376,"Nick Vigil",90,"BEFORE_SNAP","2022-09-11 20:33:53.2",59,"ARI","left",15.19,21.34,0.53,0.93,0.05,97.35,27.75,NA,43376,8.70337797014128e-07,0.999997819150934,2.83928672358935e-13,3.27425865470922e-25,1.31051098545175e-06
"76",2022091110,291,43376,"Nick Vigil",91,"BEFORE_SNAP","2022-09-11 20:33:53.3",59,"ARI","left",15.21,21.38,0.55,0.56,0.05,97.35,27.57,NA,43376,8.30435601139709e-07,0.999996978804605,3.1280147736962e-13,3.84534686564732e-25,2.19075948120415e-06
"77",2022091110,291,43376,"Nick Vigil",92,"BEFORE_SNAP","2022-09-11 20:33:53.4",59,"ARI","left",15.23,21.42,0.49,0.04,0.04,97.35,29.25,NA,43376,7.95812834281302e-07,0.999995299019898,3.53088128660089e-13,4.5182505461825e-25,3.90516691468081e-06
"78",2022091110,291,43376,"Nick Vigil",93,"BEFORE_SNAP","2022-09-11 20:33:53.5",59,"ARI","left",15.25,21.45,0.39,0.48,0.04,97.35,29.76,NA,43376,7.7221208521383e-07,0.999992297460982,3.80080057582228e-13,5.30967334366457e-25,6.9303265523695e-06
"79",2022091110,291,43376,"Nick Vigil",94,"BEFORE_SNAP","2022-09-11 20:33:53.6",59,"ARI","left",15.27,21.46,0.22,0.96,0.02,97.35,42.13,NA,43376,7.64877707214139e-07,0.999987682340811,3.99338521094443e-13,5.53569941820804e-25,1.15527810826838e-05
"80",2022091110,291,43376,"Nick Vigil",95,"BEFORE_SNAP","2022-09-11 20:33:53.7",59,"ARI","left",15.27,21.45,0.09,1.16,0.01,97.35,143.56,NA,43376,7.74638887533781e-07,0.999981716731957,3.81223412373853e-13,5.32564578294914e-25,1.75086287743279e-05
"81",2022091110,291,43376,"Nick Vigil",96,"BEFORE_SNAP","2022-09-11 20:33:53.8",59,"ARI","left",15.27,21.42,0.27,0.98,0.03,98.12,181.75,NA,43376,8.01523602682906e-07,0.99997530991233,3.81213336524705e-13,4.72671471118492e-25,2.3888563685974e-05
"82",2022091110,291,43376,"Nick Vigil",97,"BEFORE_SNAP","2022-09-11 20:33:53.9",59,"ARI","left",15.26,21.37,0.43,0.74,0.05,96.9,189.29,NA,43376,8.43412400925462e-07,0.999969789530818,3.382815300735e-13,3.8711925451525e-25,2.93670564431361e-05
"83",2022091110,291,43376,"Nick Vigil",98,"BEFORE_SNAP","2022-09-11 20:33:54",59,"ARI","left",15.24,21.33,0.48,0.46,0.04,94.45,194.9,NA,43376,8.8700338960769e-07,0.999966366870284,3.07356473316935e-13,3.2987470397974e-25,3.27461260190942e-05
"84",2022091110,291,43376,"Nick Vigil",99,"BEFORE_SNAP","2022-09-11 20:33:54.1",59,"ARI","left",15.22,21.29,0.51,0.25,0.05,93.12,201.14,NA,43376,9.35097910601604e-07,0.999965740040712,2.66201062359414e-13,2.81132549380273e-25,3.33248611108095e-05
"85",2022091110,291,43376,"Nick Vigil",100,"BEFORE_SNAP","2022-09-11 20:33:54.2",59,"ARI","left",15.19,21.25,0.53,0.09,0.05,91.43,204.07,NA,43376,9.92412762644591e-07,0.999968021906576,2.41939522697068e-13,2.39669567551261e-25,3.09856804196366e-05
"86",2022091110,291,43376,"Nick Vigil",101,"BEFORE_SNAP","2022-09-11 20:33:54.3",59,"ARI","left",15.16,21.19,0.56,0.25,0.06,87.79,206.55,NA,43376,1.07156166398998e-06,0.999972765537336,2.04567146649906e-13,1.88611909984093e-25,2.61629007950808e-05
"87",2022091110,291,43376,"Nick Vigil",102,"BEFORE_SNAP","2022-09-11 20:33:54.4",59,"ARI","left",15.13,21.14,0.6,0.37,0.06,86.54,208.96,NA,43376,1.15113953810321e-06,0.999979054886506,1.81362053110601e-13,1.60722651213696e-25,1.97939737744218e-05
"88",2022091110,291,43376,"Nick Vigil",103,"BEFORE_SNAP","2022-09-11 20:33:54.5",59,"ARI","left",15.1,21.09,0.62,0.31,0.06,85.71,209.18,NA,43376,1.23869714128794e-06,0.999985576851183,1.64691769890315e-13,1.31503820152518e-25,1.3184451510944e-05
"89",2022091110,291,43376,"Nick Vigil",104,"BEFORE_SNAP","2022-09-11 20:33:54.6",59,"ARI","left",15.07,21.03,0.65,0.26,0.06,83.94,208.91,NA,43376,1.3420969750526e-06,0.999991020020476,1.42396471266637e-13,1.03304963287717e-25,7.63788240682762e-06
"90",2022091110,291,43376,"Nick Vigil",105,"BEFORE_SNAP","2022-09-11 20:33:54.7",59,"ARI","left",15.04,20.97,0.67,0.17,0.07,82.32,206.01,NA,43376,1.45687891362995e-06,0.999994708718233,1.26147374030732e-13,8.11271272172443e-26,3.83440272679145e-06
"91",2022091110,291,43376,"Nick Vigil",106,"BEFORE_SNAP","2022-09-11 20:33:54.8",59,"ARI","left",15.02,20.91,0.6,0.24,0.06,81.45,206.25,NA,43376,1.57793900970849e-06,0.999996690454422,1.09070480146243e-13,6.11808287621862e-26,1.73160645911517e-06
"92",2022091110,291,43376,"Nick Vigil",107,"BEFORE_SNAP","2022-09-11 20:33:54.9",59,"ARI","left",14.99,20.86,0.55,0.37,0.06,80.51,209.04,NA,43376,1.69207934554352e-06,0.999997537914736,9.66481957597202e-14,5.00400131465805e-26,7.70005821657768e-07
"93",2022091110,291,43376,"Nick Vigil",108,"BEFORE_SNAP","2022-09-11 20:33:55",59,"ARI","left",14.96,20.83,0.44,0.65,0.05,79.65,218.53,NA,43376,1.7887594413713e-06,0.999997832263526,8.7685639480329e-14,4.43592315977659e-26,3.78976945476666e-07
"94",2022091110,291,43376,"Nick Vigil",109,"BEFORE_SNAP","2022-09-11 20:33:55.1",59,"ARI","left",14.93,20.81,0.33,0.85,0.03,78.96,232.54,NA,43376,1.87969929717262e-06,0.999997909880479,8.3641074837777e-14,3.93370609143907e-26,2.10420140364265e-07
"95",2022091110,291,43376,"Nick Vigil",110,"BEFORE_SNAP","2022-09-11 20:33:55.2",59,"ARI","left",14.91,20.8,0.23,0.95,0.02,77.63,251.42,NA,43376,1.98698368861823e-06,0.999997890143527,8.16576037265546e-14,3.77939289185706e-26,1.22872702459534e-07
"96",2022091110,291,43376,"Nick Vigil",111,"BEFORE_SNAP","2022-09-11 20:33:55.3",59,"ARI","left",14.89,20.79,0.19,0.8,0.02,76.82,259.63,NA,43376,2.17014884743078e-06,0.999997756941731,7.76898262687419e-14,3.62806932077959e-26,7.29093435518383e-08
"97",2022091110,291,43376,"Nick Vigil",112,"BEFORE_SNAP","2022-09-11 20:33:55.4",59,"ARI","left",14.88,20.78,0.13,0.66,0.01,77.91,270.73,NA,43376,2.54869337190635e-06,0.999997407483643,7.77940246355163e-14,3.3469558850739e-26,4.38229071125532e-08
"98",2022091110,291,43376,"Nick Vigil",113,"BEFORE_SNAP","2022-09-11 20:33:55.5",59,"ARI","left",14.87,20.77,0.1,0.4,0.02,79.74,242.09,NA,43376,3.38260415579522e-06,0.999996591163203,7.60159356552383e-14,3.21842526276157e-26,2.62325653458685e-08
"99",2022091110,291,43376,"Nick Vigil",114,"BEFORE_SNAP","2022-09-11 20:33:55.6",59,"ARI","left",14.87,20.77,0.09,0.53,0.01,83.08,190.86,NA,43376,5.26299008557183e-06,0.999994721030326,7.42870884818242e-14,3.22486228057617e-26,1.59795141592419e-08
"100",2022091110,291,43376,"Nick Vigil",115,"BEFORE_SNAP","2022-09-11 20:33:55.7",59,"ARI","left",14.87,20.76,0.13,0.58,0.01,83.98,171.79,NA,43376,9.58329374069735e-06,0.999990406870871,7.28560351744517e-14,3.11247931948162e-26,9.83531554543766e-09
"101",2022091110,291,43376,"Nick Vigil",116,"BEFORE_SNAP","2022-09-11 20:33:55.8",59,"ARI","left",14.87,20.75,0.13,0.48,0.01,85.11,150.88,NA,43376,1.94537722590519e-05,0.99998054009438,7.17931509884053e-14,3.01833237836503e-26,6.13328927037355e-09
"102",2022091110,291,43376,"Nick Vigil",117,"BEFORE_SNAP","2022-09-11 20:33:55.9",59,"ARI","left",14.88,20.73,0.19,0.4,0.01,88.66,153.04,NA,43376,4.2065614150079e-05,0.999957930404576,7.00011740740045e-14,2.85020162025892e-26,3.98120360122332e-09
"103",2022091110,291,43376,"Nick Vigil",118,"BEFORE_SNAP","2022-09-11 20:33:56",59,"ARI","left",14.89,20.72,0.24,0.3,0.02,90.25,148.44,NA,43376,9.315406769406e-05,0.999906843159033,7.17746118169122e-14,2.87596910879584e-26,2.77320160517346e-09
"104",2022091110,291,43376,"Nick Vigil",119,"BEFORE_SNAP","2022-09-11 20:33:56.1",59,"ARI","left",14.89,20.7,0.19,0.09,0.01,90.25,155.75,NA,43376,0.000207888086554192,0.999792109871593,7.55845274675437e-14,2.93313786815911e-26,2.04177730063639e-09
"105",2022091110,291,43376,"Nick Vigil",120,"BEFORE_SNAP","2022-09-11 20:33:56.2",59,"ARI","left",14.9,20.69,0.18,0.03,0.02,89.42,151.81,NA,43376,0.000462170041109701,0.999537827657395,8.68688630790763e-14,3.40195723852692e-26,2.30140834466105e-09
"106",2022091110,291,43376,"Nick Vigil",121,"BEFORE_SNAP","2022-09-11 20:33:56.3",59,"ARI","left",14.91,20.68,0.16,0.03,0.01,89.42,147.82,NA,43376,0.00101831208004961,0.998980974000411,4.78890143620715e-11,1.84570149460229e-23,7.13871650289153e-07
"213",2022091110,291,49410,"Jalen Thompson",69,"BEFORE_SNAP","2022-09-11 20:33:51.1",34,"ARI","left",13.68,36.29,0.1,0.68,0.01,125.75,19.71,"line_set",49410,0,0,1,0,0
"214",2022091110,291,49410,"Jalen Thompson",70,"BEFORE_SNAP","2022-09-11 20:33:51.2",34,"ARI","left",13.68,36.29,0.03,0.85,0,131.31,149.24,NA,49410,2.33281151905058e-20,2.052956118046e-15,0.999999957384184,4.26158137155331e-08,4.62540983823819e-23
"215",2022091110,291,49410,"Jalen Thompson",71,"BEFORE_SNAP","2022-09-11 20:33:51.3",34,"ARI","left",13.68,36.28,0.16,0.95,0.01,135.91,173.94,NA,49410,2.40561817838976e-20,2.04508460903552e-15,0.999999957439937,4.25600611071349e-08,4.27218897234103e-23
"216",2022091110,291,49410,"Jalen Thompson",72,"BEFORE_SNAP","2022-09-11 20:33:51.4",34,"ARI","left",13.68,36.26,0.27,0.89,0.02,139.64,177.66,NA,49410,2.55794586533506e-20,2.08659867380748e-15,0.999999958842526,4.11574715004121e-08,4.23943961520309e-23
"217",2022091110,291,49410,"Jalen Thompson",73,"BEFORE_SNAP","2022-09-11 20:33:51.5",34,"ARI","left",13.68,36.23,0.4,0.9,0.04,140.3,177.73,NA,49410,2.8921494638283e-20,2.23363585050788e-15,0.999999961028796,3.89712016159874e-08,4.3365175046089e-23
"218",2022091110,291,49410,"Jalen Thompson",74,"BEFORE_SNAP","2022-09-11 20:33:51.6",34,"ARI","left",13.69,36.18,0.49,0.79,0.05,141.47,175.56,NA,49410,3.24615981152493e-20,2.5088825200178e-15,0.999999963839122,3.61608753954329e-08,4.93288658892198e-23
"219",2022091110,291,49410,"Jalen Thompson",75,"BEFORE_SNAP","2022-09-11 20:33:51.7",34,"ARI","left",13.69,36.13,0.58,0.69,0.05,144.48,177.31,NA,49410,3.75876385577783e-20,2.80871227942008e-15,0.9999999669917,3.30082967541873e-08,5.80817716945274e-23
"220",2022091110,291,49410,"Jalen Thompson",76,"BEFORE_SNAP","2022-09-11 20:33:51.8",34,"ARI","left",13.7,36.06,0.68,0.65,0.07,144.48,176.15,NA,49410,4.64657336507649e-20,3.3119784654217e-15,0.999999970708047,2.92919499777631e-08,7.92234223655537e-23
"221",2022091110,291,49410,"Jalen Thompson",77,"BEFORE_SNAP","2022-09-11 20:33:51.9",34,"ARI","left",13.71,35.99,0.77,0.61,0.08,146.49,172.72,NA,49410,5.74568038007757e-20,4.01450805419677e-15,0.999999974334856,2.56651395752901e-08,1.12130494592113e-22
"222",2022091110,291,49410,"Jalen Thompson",78,"BEFORE_SNAP","2022-09-11 20:33:52",34,"ARI","left",13.72,35.91,0.83,0.58,0.08,147.33,170.7,NA,49410,7.1067551042562e-20,4.86605849386983e-15,0.999999977794034,2.22059608715755e-08,1.70806881337011e-22
"223",2022091110,291,49410,"Jalen Thompson",79,"BEFORE_SNAP","2022-09-11 20:33:52.1",34,"ARI","left",13.73,35.82,0.93,0.56,0.09,150.12,172.41,NA,49410,9.37933232432513e-20,6.20674972015025e-15,0.99999998084521,1.91547841703581e-08,2.89287798306272e-22
"224",2022091110,291,49410,"Jalen Thompson",80,"BEFORE_SNAP","2022-09-11 20:33:52.2",34,"ARI","left",13.74,35.72,0.97,0.43,0.1,154.1,169.74,NA,49410,1.27662142661757e-19,8.10635287143706e-15,0.999999983725659,1.62743325869543e-08,5.24198927448231e-22
"225",2022091110,291,49410,"Jalen Thompson",81,"BEFORE_SNAP","2022-09-11 20:33:52.3",34,"ARI","left",13.76,35.63,0.96,0.18,0.09,159.12,169.39,NA,49410,1.68485748553228e-19,9.79788250807014e-15,0.999999985759957,1.4240033396896e-08,9.83856666075178e-22
"226",2022091110,291,49410,"Jalen Thompson",82,"BEFORE_SNAP","2022-09-11 20:33:52.4",34,"ARI","left",13.78,35.54,0.94,0.07,0.09,161.82,170.18,NA,49410,2.22895719128031e-19,1.18744544066453e-14,0.999999987830723,1.21692647489568e-08,1.8426543807622e-21
"227",2022091110,291,49410,"Jalen Thompson",83,"BEFORE_SNAP","2022-09-11 20:33:52.5",34,"ARI","left",13.79,35.45,0.88,0.3,0.09,164.54,170.54,NA,49410,3.03327529609504e-19,1.47084237340301e-14,0.999999989507634,1.04923508365893e-08,3.80260128819002e-21
"228",2022091110,291,49410,"Jalen Thompson",84,"BEFORE_SNAP","2022-09-11 20:33:52.6",34,"ARI","left",13.81,35.37,0.82,0.52,0.08,167.82,166.25,NA,49410,3.88919519344916e-19,1.83378135068401e-14,0.999999990763527,9.23645506528381e-09,7.57586257915443e-21
"229",2022091110,291,49410,"Jalen Thompson",85,"BEFORE_SNAP","2022-09-11 20:33:52.7",34,"ARI","left",13.84,35.29,0.78,0.59,0.08,169.53,161.82,NA,49410,5.15104325061188e-19,2.16939037374058e-14,0.999999991867754,8.13222385351708e-09,1.72223837316902e-20
"230",2022091110,291,49410,"Jalen Thompson",86,"BEFORE_SNAP","2022-09-11 20:33:52.8",34,"ARI","left",13.86,35.22,0.75,0.47,0.08,169.53,164.11,"man_in_motion",49410,6.40011673039807e-19,2.6383782832108e-14,0.999999992725281,7.27469235291899e-09,3.88415224218747e-20
"231",2022091110,291,49410,"Jalen Thompson",87,"BEFORE_SNAP","2022-09-11 20:33:52.9",34,"ARI","left",13.87,35.15,0.7,0.47,0.07,167.78,164.84,NA,49410,7.93650433373638e-19,3.12042989006718e-14,0.999999993503695,6.49627357696833e-09,9.90508950100992e-20
"232",2022091110,291,49410,"Jalen Thompson",88,"BEFORE_SNAP","2022-09-11 20:33:53",34,"ARI","left",13.89,35.08,0.62,0.54,0.06,167.78,167.52,NA,49410,1.01648633738635e-18,3.69055690336092e-14,0.999999994197595,5.80236846907854e-09,2.8439336020736e-19
"233",2022091110,291,49410,"Jalen Thompson",89,"BEFORE_SNAP","2022-09-11 20:33:53.1",34,"ARI","left",13.89,35.03,0.56,0.69,0.06,167.78,178.62,NA,49410,1.22220989038372e-18,4.15437359549102e-14,0.999999994656117,5.34384117666125e-09,7.77423927638351e-19
"234",2022091110,291,49410,"Jalen Thompson",90,"BEFORE_SNAP","2022-09-11 20:33:53.2",34,"ARI","left",13.88,34.97,0.51,0.95,0.05,164.21,193.54,NA,49410,1.4695696219937e-18,4.7975607876911e-14,0.999999995076242,4.92371026808911e-09,2.29836117239515e-18
"235",2022091110,291,49410,"Jalen Thompson",91,"BEFORE_SNAP","2022-09-11 20:33:53.3",34,"ARI","left",13.87,34.93,0.43,0.94,0.04,159.57,204.14,NA,49410,1.66170159706402e-18,5.28076776338525e-14,0.99999999538311,4.61683690802506e-09,6.88296700629485e-18
"236",2022091110,291,49410,"Jalen Thompson",92,"BEFORE_SNAP","2022-09-11 20:33:53.4",34,"ARI","left",13.85,34.9,0.37,0.91,0.04,155.24,217.96,NA,49410,1.82436579426691e-18,5.68186924789806e-14,0.999999995594934,4.40500956331985e-09,2.21391415639034e-17
"237",2022091110,291,49410,"Jalen Thompson",93,"BEFORE_SNAP","2022-09-11 20:33:53.5",34,"ARI","left",13.82,34.88,0.35,0.81,0.03,152.42,230.8,NA,49410,1.93989045048297e-18,5.96092113156189e-14,0.99999999567113,4.32881060623609e-09,7.3578378606824e-17
"238",2022091110,291,49410,"Jalen Thompson",94,"BEFORE_SNAP","2022-09-11 20:33:53.6",34,"ARI","left",13.79,34.86,0.35,0.68,0.04,149.28,242.05,NA,49410,2.06516626351493e-18,6.26106263045324e-14,0.999999995802956,4.19698145033486e-09,2.51837013449081e-16
"239",2022091110,291,49410,"Jalen Thompson",95,"BEFORE_SNAP","2022-09-11 20:33:53.7",34,"ARI","left",13.77,34.84,0.3,0.52,0.03,143.3,248.49,NA,49410,2.19334969039934e-18,6.5608145105327e-14,0.999999995940275,4.05965899517112e-09,8.56017422687976e-16
"240",2022091110,291,49410,"Jalen Thompson",96,"BEFORE_SNAP","2022-09-11 20:33:53.8",34,"ARI","left",13.74,34.83,0.25,0.41,0.03,136.82,249.83,NA,49410,2.26949675393773e-18,6.74307321241175e-14,0.999999995991285,4.00864476814174e-09,2.90606237744898e-15
"241",2022091110,291,49410,"Jalen Thompson",97,"BEFORE_SNAP","2022-09-11 20:33:53.9",34,"ARI","left",13.72,34.83,0.18,0.54,0.02,133.56,271.87,NA,49410,2.26949677964904e-18,6.57594959657519e-14,0.999999995991243,4.00868211394572e-09,9.24674793267891e-15
"242",2022091110,291,49410,"Jalen Thompson",98,"BEFORE_SNAP","2022-09-11 20:33:54",34,"ARI","left",13.72,34.84,0.11,0.68,0.01,128.99,311.17,NA,49410,2.2010052377169e-18,6.42042064853224e-14,0.999999995926444,4.07346319182104e-09,2.84618401541568e-14
"243",2022091110,291,49410,"Jalen Thompson",99,"BEFORE_SNAP","2022-09-11 20:33:54.1",34,"ARI","left",13.71,34.84,0.09,0.58,0.01,128.99,333.86,NA,49410,2.19585784581293e-18,6.40540549323523e-14,0.999999995935556,4.06429531619309e-09,8.4349984118196e-14
"244",2022091110,291,49410,"Jalen Thompson",100,"BEFORE_SNAP","2022-09-11 20:33:54.2",34,"ARI","left",13.7,34.85,0.11,0.46,0.01,127.95,349.03,NA,49410,2.12950962729778e-18,6.41284970282391e-14,0.999999995869709,4.1299953600613e-09,2.30960782948587e-13
"245",2022091110,291,49410,"Jalen Thompson",101,"BEFORE_SNAP","2022-09-11 20:33:54.3",34,"ARI","left",13.7,34.86,0.1,0.25,0.01,125.33,350.97,NA,49410,2.12950997321402e-18,6.25367900614709e-14,0.999999995807137,4.19221655758427e-09,5.84228229269883e-13
"246",2022091110,291,49410,"Jalen Thompson",102,"BEFORE_SNAP","2022-09-11 20:33:54.4",34,"ARI","left",13.7,34.87,0.12,0.22,0.01,124.7,10.03,NA,49410,2.06516661460215e-18,5.95378047639442e-14,0.99999999567484,4.32359530042951e-09,1.50512602739198e-12
"247",2022091110,291,49410,"Jalen Thompson",103,"BEFORE_SNAP","2022-09-11 20:33:54.5",34,"ARI","left",13.7,34.88,0.12,0.14,0.01,123.76,17.11,NA,49410,2.00520702026287e-18,5.81972372211705e-14,0.999999995596457,4.39955313962593e-09,3.93141272081469e-12
"248",2022091110,291,49410,"Jalen Thompson",104,"BEFORE_SNAP","2022-09-11 20:33:54.6",34,"ARI","left",13.71,34.91,0.19,0.13,0.03,120.7,15.69,NA,49410,1.82898290293994e-18,5.41588072266914e-14,0.999999995374221,4.6165933704551e-09,9.13096041118586e-12
"249",2022091110,291,49410,"Jalen Thompson",105,"BEFORE_SNAP","2022-09-11 20:33:54.7",34,"ARI","left",13.72,34.94,0.25,0.11,0.03,120.7,17.14,NA,49410,1.67049518879527e-18,5.04685662757051e-14,0.999999995127331,4.85111055978785e-09,2.15077534489941e-11
"250",2022091110,291,49410,"Jalen Thompson",106,"BEFORE_SNAP","2022-09-11 20:33:54.8",34,"ARI","left",13.72,34.97,0.28,0.05,0.03,119.56,15.9,NA,49410,1.52377187442597e-18,4.69690725239518e-14,0.999999994933378,5.01752609804757e-09,4.90490714304851e-11
"251",2022091110,291,49410,"Jalen Thompson",107,"BEFORE_SNAP","2022-09-11 20:33:54.9",34,"ARI","left",13.74,35,0.31,0.03,0.04,118.91,16.8,NA,49410,1.38993561263441e-18,4.37122344466135e-14,0.999999994623427,5.26602363140672e-09,1.10505413225522e-10
"252",2022091110,291,49410,"Jalen Thompson",108,"BEFORE_SNAP","2022-09-11 20:33:55",34,"ARI","left",13.75,35.03,0.3,0.08,0.03,117.97,18.71,NA,49410,1.26593590028565e-18,4.06196647064267e-14,0.999999994245099,5.51853413154916e-09,2.36325940383749e-10
"253",2022091110,291,49410,"Jalen Thompson",109,"BEFORE_SNAP","2022-09-11 20:33:55.1",34,"ARI","left",13.77,35.06,0.3,0.11,0.03,117.97,23.58,NA,49410,1.15468189394063e-18,3.87782581407088e-14,0.999999993809806,5.70781095831944e-09,4.82343943387389e-10
"254",2022091110,291,49410,"Jalen Thompson",110,"BEFORE_SNAP","2022-09-11 20:33:55.2",34,"ARI","left",13.78,35.06,0.25,0.13,0.01,116.69,27.78,NA,49410,1.15468338666268e-18,3.87783081491159e-14,0.999999993273976,5.70922975885672e-09,1.01675492536404e-09
"255",2022091110,291,49410,"Jalen Thompson",111,"BEFORE_SNAP","2022-09-11 20:33:55.3",34,"ARI","left",13.79,35.08,0.23,0.14,0.02,116.69,28.6,NA,49410,1.08427786613019e-18,3.59743011679573e-14,0.999999992136797,5.88659894850954e-09,1.976567678974e-09
"256",2022091110,291,49410,"Jalen Thompson",112,"BEFORE_SNAP","2022-09-11 20:33:55.4",34,"ARI","left",13.82,35.11,0.24,0.16,0.04,117.62,34.85,NA,49410,9.90563663977263e-19,3.35313053605836e-14,0.999999990319143,6.09950008900621e-09,3.58132311258565e-09
"257",2022091110,291,49410,"Jalen Thompson",113,"BEFORE_SNAP","2022-09-11 20:33:55.5",34,"ARI","left",13.86,35.13,0.25,0.17,0.04,118.38,39.55,NA,49410,9.31647179697372e-19,3.1961739184714e-14,0.999999987393547,6.30052017456965e-09,6.30590056703321e-09
"258",2022091110,291,49410,"Jalen Thompson",114,"BEFORE_SNAP","2022-09-11 20:33:55.6",34,"ARI","left",13.88,35.16,0.24,0.18,0.03,118.38,40.29,NA,49410,8.48301774045604e-19,2.96924202686762e-14,0.99999998300301,6.60197528189213e-09,1.03949847865053e-08
"259",2022091110,291,49410,"Jalen Thompson",115,"BEFORE_SNAP","2022-09-11 20:33:55.7",34,"ARI","left",13.91,35.19,0.25,0.2,0.05,118.38,40.58,NA,49410,7.73714856884917e-19,2.76307360214463e-14,0.999999976897451,6.93006404609541e-09,1.61724578243595e-08
"260",2022091110,291,49410,"Jalen Thompson",116,"BEFORE_SNAP","2022-09-11 20:33:55.8",34,"ARI","left",13.94,35.22,0.24,0.2,0.04,117.28,41.61,NA,49410,6.83101047155953e-19,2.50563723417888e-14,0.999999968597756,7.27528924184423e-09,2.41269294534808e-08
"261",2022091110,291,49410,"Jalen Thompson",117,"BEFORE_SNAP","2022-09-11 20:33:55.9",34,"ARI","left",13.97,35.26,0.24,0.21,0.05,116.29,41.15,NA,49410,6.04174184652645e-19,2.276235191024e-14,0.99999995868786,7.76066531967274e-09,3.35514519963558e-08
"262",2022091110,291,49410,"Jalen Thompson",118,"BEFORE_SNAP","2022-09-11 20:33:56",34,"ARI","left",13.99,35.29,0.24,0.05,0.03,114.66,40.74,NA,49410,5.51074378618885e-19,2.11827081349247e-14,0.999999943749933,8.14996623154942e-09,4.81000797598081e-08
"263",2022091110,291,49410,"Jalen Thompson",119,"BEFORE_SNAP","2022-09-11 20:33:56.1",34,"ARI","left",14,35.32,0.28,0.4,0.04,112.71,34.88,NA,49410,5.03801186101806e-19,1.97581711561798e-14,0.999999820245018,8.83441962031495e-09,1.70920542992074e-07
"264",2022091110,291,49410,"Jalen Thompson",120,"BEFORE_SNAP","2022-09-11 20:33:56.2",34,"ARI","left",14.02,35.34,0.32,0.53,0.03,110.73,30.81,NA,49410,5.16570031158078e-19,2.03951217087247e-14,0.999996790280257,5.41858898331633e-08,3.15553383267564e-06
"265",2022091110,291,49410,"Jalen Thompson",121,"BEFORE_SNAP","2022-09-11 20:33:56.3",34,"ARI","left",14.03,35.37,0.36,0.47,0.03,108.77,27.7,NA,49410,3.66600437256555e-16,1.47673394017768e-11,0.999924045210088,7.58452200717737e-06,6.83702531369689e-05
"160",2022091110,291,47816,"Byron Murphy",69,"BEFORE_SNAP","2022-09-11 20:33:51.1",7,"ARI","left",12.77,41.94,0.73,0.74,0.08,100.9,259.9,"line_set",47816,0,0,0,1,0
"161",2022091110,291,47816,"Byron Murphy",70,"BEFORE_SNAP","2022-09-11 20:33:51.2",7,"ARI","left",12.7,41.93,0.69,0.64,0.07,100.14,257.13,NA,47816,2.9490811196266e-30,1.1901712008442e-23,6.17348443297823e-09,0.999999993826516,9.63918437281744e-34
"162",2022091110,291,47816,"Byron Murphy",71,"BEFORE_SNAP","2022-09-11 20:33:51.3",7,"ARI","left",12.64,41.92,0.64,0.54,0.06,96.93,256.18,NA,47816,3.09545949092185e-30,1.19420962695633e-23,6.31113452791735e-09,0.999999993688865,8.78165464128766e-34
"163",2022091110,291,47816,"Byron Murphy",72,"BEFORE_SNAP","2022-09-11 20:33:51.4",7,"ARI","left",12.58,41.9,0.59,0.59,0.06,94.3,249.4,NA,47816,3.39888759644622e-30,1.24509760221775e-23,6.51953837165518e-09,0.999999993480462,8.8120649960962e-34
"164",2022091110,291,47816,"Byron Murphy",73,"BEFORE_SNAP","2022-09-11 20:33:51.5",7,"ARI","left",12.53,41.87,0.56,0.63,0.06,92.27,241,NA,47816,4.09046817346451e-30,1.40388595638304e-23,6.94131663550209e-09,0.999999993058683,9.29740274624102e-34
"165",2022091110,291,47816,"Byron Murphy",74,"BEFORE_SNAP","2022-09-11 20:33:51.6",7,"ARI","left",12.48,41.86,0.5,0.48,0.05,90.46,244.36,NA,47816,4.09047107758151e-30,1.45855008202482e-23,7.14567819858443e-09,0.999999992854322,9.29740934713467e-34
"166",2022091110,291,47816,"Byron Murphy",75,"BEFORE_SNAP","2022-09-11 20:33:51.7",7,"ARI","left",12.44,41.84,0.41,0.56,0.04,87.89,251.16,NA,47816,4.49126642423114e-30,1.58000168777437e-23,7.59192271522602e-09,0.999999992408077,1.02769176477565e-33
"167",2022091110,291,47816,"Byron Murphy",76,"BEFORE_SNAP","2022-09-11 20:33:51.8",7,"ARI","left",12.4,41.83,0.34,0.72,0.04,86.78,259.77,NA,47816,4.70616002019823e-30,1.64446933299313e-23,7.82659482598424e-09,0.999999992173405,1.18982739284025e-33
"168",2022091110,291,47816,"Byron Murphy",77,"BEFORE_SNAP","2022-09-11 20:33:51.9",7,"ARI","left",12.37,41.83,0.3,0.76,0.03,85.75,270.2,NA,47816,4.71495805148509e-30,1.71156677561601e-23,7.95304054386414e-09,0.99999999204696,1.37733735276314e-33
"169",2022091110,291,47816,"Byron Murphy",78,"BEFORE_SNAP","2022-09-11 20:33:52",7,"ARI","left",12.34,41.84,0.28,0.84,0.03,85.75,291.68,NA,47816,4.31003189138549e-30,1.6475436236069e-23,7.84187914153933e-09,0.999999992158121,1.59115654467172e-33
"170",2022091110,291,47816,"Byron Murphy",79,"BEFORE_SNAP","2022-09-11 20:33:52.1",7,"ARI","left",12.32,41.85,0.26,0.68,0.03,87.92,302.44,NA,47816,4.1129977933901e-30,1.64446902108218e-23,7.715845982587e-09,0.999999992284154,2.01927085076234e-33
"171",2022091110,291,47816,"Byron Murphy",80,"BEFORE_SNAP","2022-09-11 20:33:52.2",7,"ARI","left",12.3,41.87,0.35,0.86,0.03,92.63,323.61,NA,47816,3.74554053313508e-30,1.57711186549024e-23,7.47037482555181e-09,0.999999992529625,2.5567455068549e-33
"172",2022091110,291,47816,"Byron Murphy",81,"BEFORE_SNAP","2022-09-11 20:33:52.3",7,"ARI","left",12.28,41.91,0.43,0.81,0.04,98.13,334.46,NA,47816,3.1007884696937e-30,1.29140509041261e-23,6.99303405449473e-09,0.999999993006966,3.21901423267422e-33
"173",2022091110,291,47816,"Byron Murphy",82,"BEFORE_SNAP","2022-09-11 20:33:52.4",7,"ARI","left",12.26,41.94,0.42,0.37,0.04,102.64,331.21,NA,47816,2.69936029954118e-30,1.10426967170703e-23,6.57985926259673e-09,0.999999993420141,4.27207189329486e-33
"174",2022091110,291,47816,"Byron Murphy",83,"BEFORE_SNAP","2022-09-11 20:33:52.5",7,"ARI","left",12.24,41.97,0.33,0.24,0.03,105.87,319.67,NA,47816,2.45415822413612e-30,9.79369496762955e-24,6.35897953269626e-09,0.99999999364102,6.52420929565837e-33
"175",2022091110,291,47816,"Byron Murphy",84,"BEFORE_SNAP","2022-09-11 20:33:52.6",7,"ARI","left",12.21,42,0.3,0.63,0.03,107.53,307.07,NA,47816,2.13285330931191e-30,9.02618436825169e-24,5.97340570792668e-09,0.999999994026594,9.95030223638499e-33
"176",2022091110,291,47816,"Byron Murphy",85,"BEFORE_SNAP","2022-09-11 20:33:52.7",7,"ARI","left",12.19,42.01,0.29,0.9,0.03,109.39,279.13,NA,47816,2.12950607834408e-30,8.34529925843999e-24,5.79301141835007e-09,0.999999994206989,2.01700150675468e-32
"177",2022091110,291,47816,"Byron Murphy",86,"BEFORE_SNAP","2022-09-11 20:33:52.8",7,"ARI","left",12.16,42,0.3,1.03,0.03,112.24,251.92,"man_in_motion",47816,2.23143681006353e-30,9.02618095559431e-24,5.80178007697371e-09,0.99999999419822,4.69952153744047e-32
"178",2022091110,291,47816,"Byron Murphy",87,"BEFORE_SNAP","2022-09-11 20:33:52.9",7,"ARI","left",12.13,41.99,0.39,1.04,0.03,115.11,238.14,NA,47816,2.33824728786492e-30,9.39446749197509e-24,5.89665990786678e-09,0.99999999410334,1.3102054725229e-31
"179",2022091110,291,47816,"Byron Murphy",88,"BEFORE_SNAP","2022-09-11 20:33:53",7,"ARI","left",12.09,41.96,0.46,0.89,0.04,116.74,230.89,NA,47816,2.81443493550623e-30,1.05919612190462e-23,6.18857747821492e-09,0.999999993811423,4.78252896872252e-31
"180",2022091110,291,47816,"Byron Murphy",89,"BEFORE_SNAP","2022-09-11 20:33:53.1",7,"ARI","left",12.05,41.94,0.54,0.68,0.05,119.66,232.27,NA,47816,3.23255563333554e-30,1.14739429113734e-23,6.48530974165298e-09,0.99999999351469,1.71783999830133e-30
"181",2022091110,291,47816,"Byron Murphy",90,"BEFORE_SNAP","2022-09-11 20:33:53.2",7,"ARI","left",12,41.9,0.57,0.43,0.05,117.36,234.39,NA,47816,3.88993147532123e-30,1.34407138649092e-23,6.90477283894363e-09,0.999999993095227,7.28570270890103e-30
"182",2022091110,291,47816,"Byron Murphy",91,"BEFORE_SNAP","2022-09-11 20:33:53.3",7,"ARI","left",11.96,41.87,0.59,0.27,0.06,116.2,233.07,NA,47816,4.47493541563219e-30,1.51531330835862e-23,7.24715698758934e-09,0.999999992752843,3.31173534931872e-29
"183",2022091110,291,47816,"Byron Murphy",92,"BEFORE_SNAP","2022-09-11 20:33:53.4",7,"ARI","left",11.91,41.84,0.57,0.08,0.06,115.63,230.18,NA,47816,5.14791831682966e-30,1.7083725867551e-23,7.50054826540063e-09,0.999999992499452,1.75292219343135e-28
"184",2022091110,291,47816,"Byron Murphy",93,"BEFORE_SNAP","2022-09-11 20:33:53.5",7,"ARI","left",11.88,41.8,0.5,0.31,0.05,114.15,225.6,NA,47816,6.19330736070521e-30,2.00072449074824e-23,7.98376230697244e-09,0.999999992016238,1.07130250516657e-27
"185",2022091110,291,47816,"Byron Murphy",94,"BEFORE_SNAP","2022-09-11 20:33:53.6",7,"ARI","left",11.84,41.77,0.42,0.5,0.04,113.15,229.55,NA,47816,7.12431828227002e-30,2.25550216969218e-23,8.26408329086229e-09,0.999999991735917,6.60761279244595e-27
"186",2022091110,291,47816,"Byron Murphy",95,"BEFORE_SNAP","2022-09-11 20:33:53.7",7,"ARI","left",11.81,41.75,0.33,0.66,0.04,110.04,233.61,NA,47816,7.82150356217694e-30,2.44313259059821e-23,8.65330879204738e-09,0.999999991346691,3.93052996788744e-26
"187",2022091110,291,47816,"Byron Murphy",96,"BEFORE_SNAP","2022-09-11 20:33:53.8",7,"ARI","left",11.79,41.74,0.24,0.77,0.03,108.07,246.16,NA,47816,8.19528180850567e-30,2.54272333564178e-23,8.43446654174571e-09,0.999999991565533,2.3470828997266e-25
"188",2022091110,291,47816,"Byron Murphy",97,"BEFORE_SNAP","2022-09-11 20:33:53.9",7,"ARI","left",11.77,41.73,0.18,0.75,0.02,105.11,258.08,NA,47816,8.58691809750269e-30,2.54790256408828e-23,8.57036506484388e-09,0.999999991429635,1.35203780424853e-24
"189",2022091110,291,47816,"Byron Murphy",98,"BEFORE_SNAP","2022-09-11 20:33:54",7,"ARI","left",11.76,41.72,0.13,0.6,0.02,102.94,259.51,NA,47816,8.99727330890557e-30,2.65181306570603e-23,8.71115549546331e-09,0.999999991288844,7.80834724196902e-24
"190",2022091110,291,47816,"Byron Murphy",99,"BEFORE_SNAP","2022-09-11 20:33:54.1",7,"ARI","left",11.75,41.72,0.08,0.51,0.01,98.73,277.09,NA,47816,8.99727433912647e-30,2.65181336934846e-23,8.95857208168163e-09,0.999999991041428,4.0193879446255e-23
"191",2022091110,291,47816,"Byron Murphy",100,"BEFORE_SNAP","2022-09-11 20:33:54.2",7,"ARI","left",11.74,41.72,0.07,0.38,0.01,95.29,307.2,NA,47816,8.99727708715497e-30,2.75424878298508e-23,8.96081867105657e-09,0.999999991039181,1.92666346462993e-22
"192",2022091110,291,47816,"Byron Murphy",101,"BEFORE_SNAP","2022-09-11 20:33:54.3",7,"ARI","left",11.73,41.72,0.07,0.1,0.01,92.75,281.09,NA,47816,9.40772619145364e-30,2.75424874028638e-23,9.08638542404227e-09,0.999999990913615,8.31388663489748e-22
"193",2022091110,291,47816,"Byron Murphy",102,"BEFORE_SNAP","2022-09-11 20:33:54.4",7,"ARI","left",11.72,41.72,0.09,0.11,0.01,90.56,269.49,NA,47816,9.38842654043228e-30,2.64637402582833e-23,9.06688354096904e-09,0.999999990933117,3.73046310260918e-21
"194",2022091110,291,47816,"Byron Murphy",103,"BEFORE_SNAP","2022-09-11 20:33:54.5",7,"ARI","left",11.71,41.73,0.17,0.39,0.02,88.32,293.5,NA,47816,8.96056696583705e-30,2.54272465641309e-23,8.79958995624574e-09,0.99999999120041,1.67696682662223e-20
"195",2022091110,291,47816,"Byron Murphy",104,"BEFORE_SNAP","2022-09-11 20:33:54.6",7,"ARI","left",11.69,41.73,0.23,0.43,0.02,87.24,291.85,NA,47816,8.96056209953234e-30,2.54272327551019e-23,8.79566714237032e-09,0.999999991204333,7.05606454406206e-20
"196",2022091110,291,47816,"Byron Murphy",105,"BEFORE_SNAP","2022-09-11 20:33:54.7",7,"ARI","left",11.66,41.75,0.33,0.39,0.03,89.01,292.88,NA,47816,8.16245086593669e-30,2.34744425592346e-23,8.39983567369189e-09,0.999999991600164,2.86167913245976e-19
"197",2022091110,291,47816,"Byron Murphy",106,"BEFORE_SNAP","2022-09-11 20:33:54.8",7,"ARI","left",11.64,41.76,0.29,0.14,0.02,91.86,299.17,NA,47816,7.80589147499481e-30,2.25996986750034e-23,8.27851261404566e-09,0.999999991721487,1.16464170520926e-18
"198",2022091110,291,47816,"Byron Murphy",107,"BEFORE_SNAP","2022-09-11 20:33:54.9",7,"ARI","left",11.62,41.79,0.32,0.09,0.03,95.12,312.08,NA,47816,6.78619379949334e-30,2.00457676820271e-23,7.8887043801595e-09,0.999999992111296,4.41191749852355e-18
"199",2022091110,291,47816,"Byron Murphy",108,"BEFORE_SNAP","2022-09-11 20:33:55",7,"ARI","left",11.62,41.81,0.27,0.07,0.02,100.1,325.78,NA,47816,6.18152042106601e-30,1.85055759648161e-23,7.74597126108268e-09,0.999999992254029,1.62075560873401e-17
"200",2022091110,291,47816,"Byron Murphy",109,"BEFORE_SNAP","2022-09-11 20:33:55.1",7,"ARI","left",11.62,41.82,0.21,0.09,0.02,101.85,339.26,NA,47816,5.91083721291169e-30,1.8505571978361e-23,7.63605983408562e-09,0.99999999236394,5.78407218920613e-17
"201",2022091110,291,47816,"Byron Murphy",110,"BEFORE_SNAP","2022-09-11 20:33:55.2",7,"ARI","left",11.63,41.83,0.17,0.09,0.01,101.85,351.9,NA,47816,5.6412525236291e-30,1.77804421853987e-23,7.5146962191535e-09,0.999999992485304,2.05275371179141e-16
"202",2022091110,291,47816,"Byron Murphy",111,"BEFORE_SNAP","2022-09-11 20:33:55.3",7,"ARI","left",11.64,41.83,0.12,0.08,0.01,101.85,2.94,NA,47816,5.64125097673357e-30,1.71156573480652e-23,7.61993621041827e-09,0.999999992380063,7.05239161116276e-16
"203",2022091110,291,47816,"Byron Murphy",112,"BEFORE_SNAP","2022-09-11 20:33:55.4",7,"ARI","left",11.65,41.84,0.1,0.07,0.01,102.92,15.46,NA,47816,5.39402683712822e-30,1.64754276488583e-23,7.40797058862092e-09,0.999999992592027,2.15547781224813e-15
"204",2022091110,291,47816,"Byron Murphy",113,"BEFORE_SNAP","2022-09-11 20:33:55.5",7,"ARI","left",11.65,41.84,0.09,0.07,0.01,102.92,18.08,NA,47816,5.39402690606209e-30,1.64754278594097e-23,7.40804831078035e-09,0.999999992591945,6.39495706605911e-15
"205",2022091110,291,47816,"Byron Murphy",114,"BEFORE_SNAP","2022-09-11 20:33:55.6",7,"ARI","left",11.65,41.83,0.05,0.05,0.02,103.54,29.56,NA,47816,5.65190274147751e-30,1.71479749946756e-23,7.6355906867473e-09,0.999999992364391,1.79767320621824e-14
"206",2022091110,291,47816,"Byron Murphy",115,"BEFORE_SNAP","2022-09-11 20:33:55.7",7,"ARI","left",11.65,41.82,0.03,0.03,0.01,103.54,33.87,NA,47816,5.92210875090335e-30,1.78479815480461e-23,7.7613988178971e-09,0.999999992238556,4.55230147988564e-14
"207",2022091110,291,47816,"Byron Murphy",116,"BEFORE_SNAP","2022-09-11 20:33:55.8",7,"ARI","left",11.65,41.8,0.02,0.01,0.02,103.54,107.38,NA,47816,6.21729362973011e-30,1.86126699781556e-23,8.01545623351594e-09,0.999999991984434,1.09999064832528e-13
"208",2022091110,291,47816,"Byron Murphy",117,"BEFORE_SNAP","2022-09-11 20:33:55.9",7,"ARI","left",11.64,41.79,0.02,0.01,0.02,103.54,162.13,NA,47816,6.51465038748131e-30,1.93728261223744e-23,8.14700141121365e-09,0.999999991852769,2.2980205834453e-13
"209",2022091110,291,47816,"Byron Murphy",118,"BEFORE_SNAP","2022-09-11 20:33:56",7,"ARI","left",11.65,41.78,0.03,0.01,0.01,103.54,149.55,NA,47816,6.82622795006206e-30,2.01640247352966e-23,8.27972326371431e-09,0.999999991719837,4.3974934917376e-13
"210",2022091110,291,47816,"Byron Murphy",119,"BEFORE_SNAP","2022-09-11 20:33:56.1",7,"ARI","left",11.65,41.79,0.02,0.01,0.01,103.54,137.13,NA,47816,6.51485658698008e-30,1.9373439304478e-23,8.35881663573482e-09,0.99999999164043,7.53498045853142e-13
"211",2022091110,291,47816,"Byron Murphy",120,"BEFORE_SNAP","2022-09-11 20:33:56.2",7,"ARI","left",11.63,41.78,0.02,0.01,0.03,105.61,190.18,NA,47816,7.17803511117222e-30,2.10618532006181e-23,4.6645362127459e-08,0.999999953353375,1.26269521884606e-12
"212",2022091110,291,47816,"Byron Murphy",121,"BEFORE_SNAP","2022-09-11 20:33:56.3",7,"ARI","left",11.62,41.79,0.01,0.01,0.01,104.94,211.78,NA,47816,5.61964699712097e-27,1.65998999568357e-20,6.77907365644626e-06,0.999993219406823,1.51952034283573e-09
